"family_name","var_name","processing","description_short","source"
"Degree of Integrity","Absence of corruption",NA,"Captures the extent to which state officials in the executive branch, the judicial branch, the legislative branch, and the police/military use public office for private gain","World Justice Project, Rule of Law"
"Degree of Integrity","Public sector corruption","Invert","Captures the extent to which public employees engage in malfeasance","V-Dem, Variety of Democracy database"
"Degree of Integrity","Executive corruption","Invert","Captures the extent to which members of the executive engage in malfeasance","V-Dem, Variety of Democracy database"
"Degree of Integrity","Legislative corruption",NA,"Captures the extent to which members of the legislative engage in malfeasance","V-Dem, Variety of Democracy database"
"Degree of Integrity","Government regulations are applied and enforced without improper influence",NA,"Measures whether the enforcement of regulations is subject to bribery or improper influence by private interests and whether public service are provided without bribery or other inducements","World Justice Project, Rule of Law"
"Energy and Environment Institutions","Environmental policy",NA,"Measures the extent to which environmental concerns effectively taken into account","Bertelsmann Transformation Index"
"Energy and Environment Institutions","National energy efficiency planning",NA,"Captures a collection of sub-indicators that measure whether a country has various energy efficiency frameworks and carbon reduction targets","RISE"
"Energy and Environment Institutions","Energy efficiency entities",NA,"Captures a collection of sub-indicators that measure whether there are government bodies that set energy efficiency standards, regulate energy efficiency activity, and certify the compliance of products","RISE"
"Energy and Environment Institutions","Incentives and mandates: industrial and commercial end users",NA,"Captures a collection of sub-indicators about whether or not there are energy efficiency mandates for large energy users, penalties for non-compliance, periodic reporting of energy consumption, and a measurement or verification program in place","RISE"
"Energy and Environment Institutions","Incentives and mandates: public sector",NA,"Captures a collection of sub-indicators that measure whether public buildings have binding energy savings obligations and energey efficiency retrofitting as well as whether there are green public procurement guidelines","RISE"
"Energy and Environment Institutions","Incentives and mandates: energy utility programs",NA,"Captures a collection of sub-indicators that measure whether there are energy efficient programs for generation / transmission / distribution networks, whether there is demand-side management and demand-response, and whether there are mechanisms for utilities to recover costs associated with or revenue lost from mandated energy efficiency activities, etc.","RISE"
"Energy and Environment Institutions","Financing mechanisms for energy efficiency",NA,"Captures a collection of sub-indicators that measure whether there are ""national financial coverage"" mechanisms in place for energy efficiency activities and the share of financial and non-financial institutions which offer energy efficiency credit lines","RISE"
"Energy and Environment Institutions","Minimum energy efficiency performance standards",NA,"Measures whether minimum energy performance standards been adopted for refrigerators, HVAC, lighting equipment, industrial equipment, industrial electric motors, other industrial equipment or domestic appliances","RISE"
"Energy and Environment Institutions","Energy labeling systems",NA,"Measures the extent to which energy efficiency labeling schemes been adopted and if those systems are mandatory or voluntary.","RISE"
"Energy and Environment Institutions","Building energy codes",NA,"Captures a collection of sub-indicators that measure what codes are in place for new residential and commercial buildings, what compliance systems are in place, and other policy mechanisms related to ""green-ing"" buildings","RISE"
"Energy and Environment Institutions","Legal framework for renewable energy",NA,"Captures a collection of sub-indicators that measure whether the legal framework allows private ownership of renewable energy generation and whether there is a legally binding renewable target linked to internatioal commitments","RISE"
"Energy and Environment Institutions","Planning for renewable energy expansion",NA,"Captures a collection of sub-indicators that measure if there is an assessment of the rewenables in electricity supply, whether there is a target for renewables in electricity, and other elements related to planning for renewable energy expansion","RISE"
"Energy and Environment Institutions","Incentives and regulatory support for renewable energy",NA,"Captures a collection of sub-indicators that measure the extent of financial and regulatory support for electricity, transport, heating, and cooling","RISE"
"Energy and Environment Institutions","Attributes of financial and regulatory incentives",NA,"Captures a collection of sub-indicators relating to climate change-related financial and regulatory incentives","RISE"
"Energy and Environment Institutions","Carbon pricing and monitoring",NA,"Captures whether there is a carbon pricing mechanism that covers GHG emissions and if there is a monitoring system for that mechanism","RISE"
"Energy and Environment Institutions","Public procurement of energy efficiency products",NA,"Captures whether there are specific policies or mandated guidelines for public procurement of energy-efficient products and services on the following levels","RISE"
"Digital and Data Institutions","Core government systems index (cgsi)",NA,"Captures the key aspects of a whole-of-government approach, including government cloud, interoperability framework and other platforms.","GTMI"
"Digital and Data Institutions","Govtech enablers index (gtei)",NA,"Measures the strategy, institutions, laws, and regulations to foster GovTech as well as digital skills and innovation policies","GTMI"
"Digital and Data Institutions","Public service delivery index (psdi)",NA,"Measures the maturity of online public service portals with a focus on citizen centric design and universal accessibility.","GTMI"
"Digital and Data Institutions","Censuses and surveys",NA,"Measures the availability of recent censuses and surveys covering broad areas","SPI"
"Digital and Data Institutions","Standards and methods",NA,"Captures the country’s use of internationally accepted and recommended methodologies, classifications and standards regarding data integration","SPI"
"Public Human Resource Management Institutions","Rigorous and impartial public administration",NA,"Measures whether public officials rigorous and impartial in the performance of their duties (0 to 4 scoring)","V-Dem, Variety of Democracy database"
"Public Human Resource Management Institutions","Efficient use of assets",NA,"Measures the extent to which the government makes efficient use of available human, financial and organizational resources","Bertelsmann Transformation Index"
"Public Human Resource Management Institutions","Criteria for appointment decisions in the state administration",NA,"Measures the extent to which appointment decisions in the state administration are based on personal and political connections as opposed to skills and merit (0 to 4 scoring)","V-Dem, Variety of Democracy database"
"Public Human Resource Management Institutions","Access to state jobs by political group",NA,"Captures whether state jobs are equally open to qualified individuals regardless of their association with a political group (0 to 4 scoring)","V-Dem, Variety of Democracy database"
"Public Human Resource Management Institutions","Access to state jobs by socio-economic position",NA,"Captures if state jobs are equally open to qualified individuals regardless of socio-economic position","V-Dem, Variety of Democracy database"
"Justice Institutions","Judicial accountability",NA,"Measures whether judges are removed from their posts or disciplined when found responsible for serious misconduct","V-Dem, Variety of Democracy database"
"Justice Institutions","Independent judiciary",NA,"Measures the independence of the judiciary (i.e. the ability and autonomy to interpret and review existing law, pursue its own reasoning free from the influence of political decision-makers or powerful groups and individual, etc)","Bertelsmann Transformation Index"
"Justice Institutions","High court independence",NA,"Measures whether the judicial system's high court makes decisions that merely reflect government wishes or its sincere view of the legal record","V-Dem, Variety of Democracy database"
"Justice Institutions","Judicial branch corruption",NA,"Measures whether judicial officials refrain from soliciting and accepting bribes to perform duties and whether the judiciary is free of improper influence by the government, private interests, or criminal organizations.","World Justice Project, Rule of Law"
"Justice Institutions","Lower court independence",NA,"Measures whether the decisions of judges on the high court reflect their sincere view of the legal record rather than the government's wishes","V-Dem, Variety of Democracy database"
"Justice Institutions","Fair trial",NA,"Measures the extent to which citizens have a right to a fair trial in practice, are not subject to arbitrary arrest, the right to reocgnition as a person before the law, and other civil liberties.","Global State of Democracy"
"Justice Institutions","Expropriation without lawful process and adequate compensation",NA,"Measures whether the government respects the property rights of people and corporations, refrains from the illegal seizure of private property, and provides adequate compensation when property is legally expropriated","World Justice Project, Rule of Law"
"Justice Institutions","Due process of law and rights of the accused",NA,"Measures whether the basic rights of criminal suspects are respected, including the presumption of innocence and the freedom from arbitrary arrest and unreasonable pre-trial detention","World Justice Project, Rule of Law"
"Justice Institutions","Alternative dispute resolution mechanisms",NA,"Captures the accessibility, impartiality, and effectiveness of alternative dispute resolution mechanisms","World Justice Project, Rule of Law"
"Justice Institutions","People can access and afford civil justice",NA,"Captures whether people can access and afford civil justice as well as whether it is free of discrimination, improper government influence, and unreasonable delays","World Justice Project, Rule of Law"
"Justice Institutions","Civil justice is effectively enforced",NA,"Measures the effectiveness and timeliness of the enforcement of civil justice decisions and judgments in practice","World Justice Project, Rule of Law"
"Justice Institutions","Civil justice is not subject to unreasonable delays",NA,"Measures whether civil justice proceedings are conducted and judgments are produced in a timely manner without unreasonable delay","World Justice Project, Rule of Law"
"Justice Institutions","Criminal adjudication system is timely and effective",NA,"Captures the effectiveness and timeliness of the criminal investigation system is effective","World Justice Project, Rule of Law"
"Justice Institutions","Criminal investigation system is effective",NA,"Measures whether perpetrators of crimes are effectively apprehended and charged as well as whether police, investigators, and prosecutors have adequate resources","World Justice Project, Rule of Law"
"Justice Institutions","Criminal system is impartial",NA,"Measures whether the police and criminal judges are impartial and whether they discriminate in practice based on socio-economic status, gender, ethnicity, religion, national origin, sexual orientation, or gender identity","World Justice Project, Rule of Law"
"Justice Institutions","Access to justice for men",NA,"Measures the extent to which men can bring cases before the courts without risk to their personal safety, trials are fair, and men have effective ability to seek redress if public authorities violate their rights","V-Dem, Variety of Democracy database"
"Justice Institutions","Access to justice for women",NA,"Measures the extent to which women can bring cases before the courts without risk to their personal safety, trials are fair, and women have effective ability to seek redress if public authorities violate their rights, including the rights to counsel, defense, and appeal","V-Dem, Variety of Democracy database"
"Business Environment","Property rights",NA,"Measures whether citizens enjoy the right to private property","V-Dem, Variety of Democracy database"
"Business Environment","Competition policy",NA,"Captures if free and fair competition is guaranteed by an institutional framework that ensures unrestricted participation in the market and a level playing field for all market participants.","Bertelsmann Transformation Index"
"Business Environment","Regulatory enforcement",NA,"Captures whether government regulations are effectively enforced without improper influence and unreasonable delays","World Justice Project, Rule of Law"
"Business Environment","Efficiency of the clearance process",NA,"Measures the efficiency of customs clearance processes (i.e. speed, simplicity and predictability of formalities) by border control agencies","Logistics Performance Index"
"Business Environment","Bank concentration (%)","Invert. 100 - X","Measures the assets of the three largest commercial banks as a share of total commercial banking assets","GFDB"
"Business Environment","Women, business and law entrepreneurship index",NA,"Measures constraints on women sarting and running businesses","WBL"
"Public Finance Institutions","Fiscal stability",NA,"Measures the extent t which the government’s budgetary policies support fiscal stability","Bertelsmann Transformation Index"
"Public Finance Institutions","Debt transparency index",NA,"Measures the World Bank's debt reporting heatmap sub-components related to debt statistics, availability of financial terms on new loans, and publication of DMS and ABP","CLIAR (Debt Transparency)"
"Public Finance Institutions","Pfm management information systems","Sum of GTMI_I 5, 6, 7, 8, 12, 13 and 14. Rescaled from 0 to 1.","Measures whether there is an operational FMIS, a TSA, a Tax MIS, a Customs MIS, a DMS, a PIMS, and e-procurement in place","CLIAR (WB API)"
"Public Finance Institutions","Budget documentation",NA,"PI-5. Measures the comprehensiveness of information provided in the annual budget documentation as measured against a specified list of basic and additional elements","Public Expenditure Financial Accountability"
"Public Finance Institutions","Transfers to subnational governments",NA,"PI-7. Measures the transparency and timelines of transfers to subnational governments","Public Expenditure Financial Accountability"
"Public Finance Institutions","Performance information for service delivery",NA,"PI-8. Captures the service delivery performance information","Public Expenditure Financial Accountability"
"Public Finance Institutions","Fiscal risk reporting",NA,"PI-10. Captures the extent to which fiscal risks to central government are reported","Public Expenditure Financial Accountability"
"Public Finance Institutions","Public investment management",NA,"PI-11. Measures the extent to which the government conducts economic appraisals, selects, projects the costs, and monitors the implementation of public investment projects","Public Expenditure Financial Accountability"
"Public Finance Institutions","Public asset management",NA,"PI-12. Measures the quality of public financial management based on financial asset monitoring, non-financial asset monitoring, and transparency of asset disposal.","Public Expenditure Financial Accountability"
"Public Finance Institutions","Debt management",NA,"PI-13. Measures the quality of debt management based on the recording and reporting of debt and guarantees, Approval of debt and guarantees, and debt management strategy","Public Expenditure Financial Accountability"
"Public Finance Institutions","Macroeconomic and fiscal forecasting",NA,"PI-14. Measures a country's the ability to develop robust macroeconomic and fiscal forecasts","Public Expenditure Financial Accountability"
"Public Finance Institutions","Fiscal strategy",NA,"PI-15. Measures the quality of a country's fiscal strategy based on the fiscal impact of policy proposals, and the fiscal strategy adoption.","Public Expenditure Financial Accountability"
"Public Finance Institutions","Medium term perspective in expenditure budgeting",NA,"PI-16. Measures the extent to which expenditure budgets are developed for the medium term within explicit medium-term budget expenditure ceilings","Public Expenditure Financial Accountability"
"Public Finance Institutions","Budget preparation process",NA,"PI-17. Measures the effectiveness of participation by relevant stakeholders in the budget preparation process, including political leadership, and whether that participation is orderly and timely.","Public Expenditure Financial Accountability"
"Public Finance Institutions","Legislative scrutiny of budgets",NA,"PI-18. Measures the nature and extent of legislative scrutiny of the annual budget","Public Expenditure Financial Accountability"
"Public Finance Institutions","Revenue administration",NA,"PI-19. Measures the quality of revenue administration based on rights and obligations for revenue measures, revenue risk management, revenue audit and investigation, and revenue arrears monitoring.","Public Expenditure Financial Accountability"
"Public Finance Institutions","Accounting for revenues",NA,"PI-20. Measures the quality of procedures for recording and reporting revenue collections, consolidating revenues collected, and reconciling tax revenue accounts","Public Expenditure Financial Accountability"
"Public Finance Institutions","Predictability of in-year resource allocation",NA,"PI-21. Meaures the extent to which the central ministry of finance is able to forecast cash commitments and requirements and to provide reliable information on the availability of funds to budgetary units for service delivery.","Public Expenditure Financial Accountability"
"Public Finance Institutions","Expenditure arrears",NA,"PI-22. Measures extent to which there is a stock of arrears, and whether any systemic problem in this regard is being addressed and brought under control","Public Expenditure Financial Accountability"
"Public Finance Institutions","Payroll controls",NA,"PI-23. Measures the quality of payroll management, how changes are handled, and how consistency with personnel records management is achieved","Public Expenditure Financial Accountability"
"Public Finance Institutions","Procurement",NA,"PI-24. Measures the quality of procurement monitoring, procurement methods, public access to procurement information, and procurement complaints management.","Public Expenditure Financial Accountability"
"Public Finance Institutions","Internal controls on nonsalary expenditure",NA,"PI-25. Measures the effectiveness of general internal controls for nonsalary expenditures.","Public Expenditure Financial Accountability"
"Public Finance Institutions","Internal audit effectiveness",NA,"PI-26. Measures the effectiveness of the standards and procedures applied in internal audit","Public Expenditure Financial Accountability"
"Public Finance Institutions","Financial data integrity",NA,"PI-27. Measures the extent to which treasury bank accounts, suspense accounts, and advance accounts are regularly reconciled and how the processes in place support the integrity of financial data.","Public Expenditure Financial Accountability"
"Public Finance Institutions","In-year budget reports",NA,"PI-28. Measures the extent to which treasury bank accounts, suspense accounts, and advance accounts are regularly reconciled and how the processes support the integrity of financial data","Public Expenditure Financial Accountability"
"Public Finance Institutions","Annual financial reports",NA,"PI-29. Measures the extent to which annual financial statements are complete, timely, and consistent with generally accepted accounting principles and standards","Public Expenditure Financial Accountability"
"Public Finance Institutions","External audit",NA,"PI-30. Measures the effectiveness of external audits","Public Expenditure Financial Accountability"
"Political Institutions","Constraints on gov. Powers",NA,"Captures the extent to which the legislature, the judiciary, and non-governmental institutions limit government powers","World Justice Project, Rule of Law"
"Political Institutions","Separation of powers",NA,"Captures the extent to which there is a working separation of powers (i.e. checks and balances)","Bertelsmann Transformation Index"
"Political Institutions","Legislative constraints on the executive index",NA,"Captures the extent to which the legislature and independent agencies (e.g., comptroller general, general prosecutor, or ombudsman) capable of oversight over the executive (0 to 4 scoring)","V-Dem, Variety of Democracy database"
"Political Institutions","Free and fair elections",NA,"Captures the extent to which elections are free and fair, considering factors such as suffrage, the secret ballot, electoral management, voter registration, media access, etc. (1 to 10 scoring)","Bertelsmann Transformation Index"
"Political Institutions","Political rights","8 - .x","Captures whether election management bodies impelement electoral laws in an impartial manner as well as whether the current executive and national legislature were elected through free and fair elections (1 to 7 scoring)","Freedom House"
"Political Institutions","Power distributed by socio-economic position",NA,"Captures the extent to which political power is distributed according to socioeconomic position (0 to 4 scoring)","V-Dem, Variety of Democracy database"
"Political Institutions","Power distributed by social group",NA,"Captures the extent to which political power is distributed according to social groups (0 to 4 scoring)","V-Dem, Variety of Democracy database"
"Political Institutions","Power distributed by gender",NA,"Captures the extent to which political power is distributed according to gender (0 to 4 scoring)","V-Dem, Variety of Democracy database"
"Political Institutions","Lower chamber gender quota",NA,"Captures the extent to which women are represented in the national legislature (0 to 4 scoring)","V-Dem, Variety of Democracy database"
"Political Institutions","Women political empowerment index",NA,"Captures the extent to which women are politically empowered and enjoy fundamental civil liberties, open discussion of political issues, and descriptive representation in formal political positions (0 to 4 scoring)","V-Dem, Variety of Democracy database"
"Social Institutions","Civil liberties","8 - .x","Captures whether the media is free/independent, there is freedom of religion, there is educational freedom, and there is freedom of expression (0 to 4 scoring)","Freedom House"
"Social Institutions","Association and assembly rights",NA,"Captures freedom of association or the extent to which individuals can freely form and join independent political or civic groups","Bertelsmann Transformation Index"
"Social Institutions","Political polarization","Invert. 4 - X","Captures the extent to which political differences affect social relationships beyond political discussions (0 to 4 scoring)","V-Dem, Variety of Democracy database"
"Social Institutions","Press freedom index",NA,"Captures freedom of the press or “the ability of journalists as individuals and collectives to select, produce, and disseminate news in the public interest independent of political, economic, legal, and social interference and in the absence of threats to their physical and mental safety”","Press Freedom Index"
"Social Institutions","Civil society participation",NA,"Captures the robustness of civil society, understood as one that enjoys autonomy from the state and in which citizens freely and actively pursue their political and civic goals (0 to 4 scoring)","V-Dem, Variety of Democracy database"
"Social Institutions","Cso entry and exit",NA,"Captures the extent to which the government achieves control over the entry and exit of civil society organizations (CSOs) into public life (0 to 4 scoring)","V-Dem, Variety of Democracy database"
"Social Institutions","Cso repression",NA,"Captures the extent to which the government attempts to repress civil society organizations","V-Dem, Variety of Democracy database"
"Social Institutions","Engaged society",NA,"Captures whether wide and independent public deliberations are made when important policy changes are being considered","V-Dem, Variety of Democracy database"
"Social Institutions","Freedom of assembly and association",NA,"Measures whether people can freely attend community meetings, join political organizations, hold peaceful public demonstrations, sign petitions, and express opinions against government policies and actions without fear of retaliation","World Justice Project, Rule of Law"
"Social Institutions","Freedom of academic and cultural expression",NA,"Measures whether ""there is academic freedom and freedom of cultural expression related to political issues""","V-Dem, Variety of Democracy database"
"Social Institutions","Freedom of belief and religion",NA,"Measures whether members of religious minorities can worship and conduct religious practices freely and publicly","World Justice Project, Rule of Law"
"Social Institutions","Freedom of opinion and expression",NA,"Measures whether an independent media, civil society organizations, political parties, and individuals are free to report and comment on government policies without fear of retaliation","World Justice Project, Rule of Law"
"Social Institutions","Freedom from arbitrary interference with privacy",NA,"Measures whether the police or other government officials conduct physical searches without warrants, or intercept electronic communications of private individuals without judicial authorization","World Justice Project, Rule of Law"
"Social Institutions","Freedom of discussion for men",NA,"Captures whether government or cultural/customary rules restrict men from openly discussing political issues in private homes and in public spaces","V-Dem, Variety of Democracy database"
"Social Institutions","Freedom of discussion for women",NA,"Captures whether government or cultural/customary rules restrict women from openly discussing political issues in private homes and in public spaces","V-Dem, Variety of Democracy database"
"Social Institutions","Women's social equality index",NA,"Captures female social equality based on a CLIAR custom index aggregating Women, Business, and the Law indicators for mobility, marriage, and assets","CLIAR (WBL)"
"Transparency and Accountability Institutions","Right to information",NA,"Measures whether requests for information held by a government agency are granted within a reasonable time period and at a reasonable cost without paying a bribe","World Justice Project, Rule of Law"
"Transparency and Accountability Institutions","Publicized laws and government data",NA,"Measures whether basic laws and information on legal rights are publicly available, presented in plain language, and made accessible in all languages used in the country or jurisdiction","World Justice Project, Rule of Law"
"Transparency and Accountability Institutions","Open budget index","Data is published in odd years, but it actually makes reference to t-1 year (i.e., even). We correct this in the ETL for the entire indicator, thus also allowing the estimation of the cluster level dynamic CTF on even years.","Captures the extent to which the public has access to timely and comprehensive budget information","Open Budget Survey"
"Transparency and Accountability Institutions","Complaint mechanisms",NA,"Measures whether people are able to bring specific complaints to the government about the provision of public services or the performance of government officers in carrying out their legal duties in practice as well as whether government officials respond to such complaints","World Justice Project, Rule of Law"
"Transparency and Accountability Institutions","Digital citizen engagement index score",NA,"Measures aspects of public participation platforms, citizen feedback mechanisms, open data, and open government portals.","GTMI"
